ID_Venta,ID_Producto,Fecha,Zip,Unidades,Ingreso,Pais
1,1924,2/9/2015,M5R,1,4409.37,Canada
2,1517,5/31/2015,R3G,1,2361.24,Canada
3,615,5/31/2015,M4V,1,8189.37,Canada
4,1530,5/31/2015,R3H,1,4282.74,Canada
5,1226,6/1/2015,L5P,1,6866.37,Canada
6,1809,6/1/2015,L5R,1,2771.37,Canada
7,1212,6/1/2015,L5N,1,4850.37,Canada
8,1821,6/1/2015,L5R,1,3779.37,Canada
9,1223,6/1/2015,M4K,1,4787.37,Canada
10,1850,6/1/2015,L5L,1,1826.37,Canada
11,993,5/28/2015,R3V,1,4598.37,Canada
12,1243,5/28/2015,R3V,1,5794.74,Canada
13,2350,5/28/2015,L5G,1,4466.7,Canada
14,1530,5/28/2015,M6G,1,5038.74,Canada
15,2240,5/28/2015,M4P,1,1070.37,Canada
16,2365,5/28/2015,R3G,1,6356.7,Canada
17,2206,5/29/2015,R3V,1,1227.87,Canada
18,2219,5/29/2015,M6S,1,1889.37,Canada
19,993,5/29/2015,R3B,1,4409.37,Canada
20,2275,5/29/2015,M6S,1,4724.37,Canada
21,2343,5/29/2015,M5X,1,6167.7,Canada
22,491,5/29/2015,M5X,1,10709.37,Canada
23,690,5/25/2015,M4E,1,4409.37,Canada
24,690,5/25/2015,M4N,1,4409.37,Canada
25,487,5/25/2015,L4X,1,13229.37,Canada
26,2332,5/26/2015,M4E,1,5921.37,Canada
27,2405,5/26/2015,M7Y,1,5102.37,Canada
28,2367,5/26/2015,K1R,1,5663.7,Canada
29,244,5/27/2015,L5N,1,7556.85,Canada
30,993,5/27/2015,R3G,1,4598.37,Canada
31,2097,6/21/2015,R3G,1,5858.37,Canada
32,927,6/22/2015,M6G,1,6173.37,Canada
33,590,6/22/2015,L5P,1,10709.37,Canada
34,491,6/22/2015,R2W,1,10709.37,Canada
35,2359,6/22/2015,M4N,1,5606.37,Canada
36,1714,6/22/2015,R3H,1,1259.37,Canada
37,942,4/8/2015,R3G,1,7370.37,Canada
38,1180,4/8/2015,L5G,1,6173.37,Canada
39,1517,4/8/2015,K1Z,1,2770.74,Canada
40,674,4/5/2015,M5S,1,8315.37,Canada
41,1049,3/15/2015,R3G,1,3086.37,Canada
42,1129,3/15/2015,L5P,1,5543.37,Canada
43,2069,3/16/2015,K1R,1,6299.37,Canada
44,585,3/23/2015,M6H,1,5039.37,Canada
45,1137,3/23/2015,M6S,1,8945.37,Canada
46,2384,3/23/2015,M5X,1,7968.87,Canada
47,690,3/23/2015,M6H,1,4409.37,Canada
48,1958,3/23/2015,M4X,1,944.37,Canada
49,491,3/24/2015,R3H,1,10709.37,Canada
50,1722,4/6/2015,H1B,2,2077.74,Canada
51,959,4/6/2015,M4P,1,10362.87,Canada
52,2143,4/6/2015,M7Y,1,5291.37,Canada
53,2150,4/6/2015,R3G,1,6173.37,Canada
54,1060,4/30/2015,R3N,1,1889.37,Canada
55,2215,4/30/2015,R3B,1,4724.37,Canada
56,2099,4/30/2015,L5N,1,5165.37,Canada
57,487,4/30/2015,M6H,1,13229.37,Canada
58,690,1/31/2015,L5G,1,4409.37,Canada
59,1077,2/1/2015,R3B,1,4220.37,Canada
60,1078,2/1/2015,R3B,1,4220.37,Canada
61,535,2/2/2015,L5G,1,6485.85,Canada
62,907,2/15/2015,M7Y,1,7307.37,Canada
63,491,2/15/2015,M7Y,1,10709.37,Canada
64,907,2/5/2015,M6S,1,7307.37,Canada
65,978,2/5/2015,R3W,1,9638.37,Canada
66,2225,2/18/2015,L5N,1,723.87,Canada
67,2224,2/18/2015,L5N,1,723.87,Canada
68,1180,2/18/2015,L5T,1,6173.37,Canada
69,438,3/31/2015,R3K,1,11969.37,Canada
70,927,3/31/2015,M6H,1,6173.37,Canada
71,927,3/31/2015,M6S,1,6173.37,Canada
72,690,3/14/2015,M5X,1,4409.37,Canada
73,1339,3/15/2015,L5R,1,3463.74,Canada
74,487,3/15/2015,M7Y,1,13229.37,Canada
75,556,3/15/2015,M6H,1,10268.37,Canada
76,1340,3/15/2015,L5R,1,3463.74,Canada
77,907,3/15/2015,L5T,1,7244.37,Canada
78,506,1/30/2015,L5P,1,15560.37,Canada
79,578,1/30/2015,L5N,1,9449.37,Canada
80,993,1/30/2015,R3V,1,4409.37,Canada
81,996,2/9/2015,R3E,1,8630.37,Canada
82,604,4/2/2015,L5H,1,6299.37,Canada
83,2055,4/2/2015,R3V,1,7874.37,Canada
84,1043,3/10/2015,R3G,1,4346.37,Canada
85,2369,3/10/2015,M4P,1,5096.7,Canada
86,733,3/10/2015,R3B,1,4787.37,Canada
87,995,3/10/2015,M4V,1,7181.37,Canada
88,457,3/10/2015,M5X,1,11969.37,Canada
89,2331,3/23/2015,K1R,1,7868.7,Canada
90,977,3/23/2015,K1H,1,6299.37,Canada
91,1191,3/23/2015,L5P,1,3212.37,Canada
92,2225,4/3/2015,L5N,1,723.87,Canada
93,2224,4/3/2015,L5N,1,723.87,Canada
94,531,1/12/2015,M6G,1,7556.85,Canada
95,907,1/12/2015,L5R,1,7307.37,Canada
96,1714,1/13/2015,R3G,1,1259.37,Canada
97,457,1/14/2015,L5P,1,11969.37,Canada
98,405,1/14/2015,M4Y,1,22994.37,Canada
99,487,1/15/2015,M5R,1,13229.37,Canada
100,626,1/15/2015,H1G,1,17009.37,Canada
101,808,1/16/2015,K1R,1,4535.37,Canada
102,506,3/31/2015,L5N,1,15560.37,Canada
103,517,3/31/2015,M6H,1,8186.85,Canada
104,927,3/31/2015,L5N,1,6173.37,Canada
105,996,3/31/2015,M4E,1,8630.37,Canada
106,736,4/9/2015,M6H,1,4661.37,Canada
107,438,4/9/2015,R3H,1,11969.37,Canada
108,636,4/9/2015,M7Y,1,10583.37,Canada
109,1530,4/9/2015,M5R,1,5038.74,Canada
110,735,4/9/2015,M6H,1,4661.37,Canada
111,2224,3/17/2015,L5P,1,723.87,Canada
112,438,4/28/2015,K1R,1,11969.37,Canada
113,945,4/28/2015,R3B,1,8189.37,Canada
114,910,4/28/2015,L5N,1,5165.37,Canada
115,945,4/28/2015,R3V,2,16378.74,Canada
116,826,4/28/2015,R3T,1,14426.37,Canada
117,907,4/28/2015,R3T,1,7559.37,Canada
118,939,4/28/2015,R3T,1,4409.37,Canada
119,945,4/28/2015,R3T,1,8189.37,Canada
120,1019,4/28/2015,L4X,1,2834.37,Canada
121,579,3/16/2015,R3H,1,15938.37,Canada
122,760,4/6/2015,M7Y,1,1983.87,Canada
123,556,3/16/2015,R3G,1,10268.37,Canada
124,491,2/3/2015,M7Y,1,10709.37,Canada
125,407,2/3/2015,M6G,1,20505.87,Canada
126,496,2/3/2015,L5V,1,11147.85,Canada
127,438,2/4/2015,L5P,1,11969.37,Canada
128,907,2/5/2015,L5G,1,7307.37,Canada
129,1134,1/8/2015,L5T,1,10583.37,Canada
130,26,1/8/2015,M5L,1,9292.5,Canada
131,996,1/9/2015,R3H,1,8630.37,Canada
132,2361,1/9/2015,M4N,1,7238.7,Canada
133,529,1/11/2015,R3V,1,5669.37,Canada
134,107,1/12/2015,M6H,1,6870.15,Canada
135,1889,4/1/2015,L4Y,1,8693.37,Canada
136,1518,4/8/2015,K1Z,1,2770.74,Canada
137,2368,5/25/2015,T6R,1,8687.7,Canada
138,2369,5/25/2015,T6E,1,5096.7,Canada
139,2055,5/31/2015,T6E,1,7874.37,Canada
140,793,6/1/2015,V5W,1,1070.37,Canada
141,1182,6/1/2015,T6G,1,2708.37,Canada
142,927,6/1/2015,V5Z,1,6047.37,Canada
143,993,6/1/2015,V6Z,1,4409.37,Canada
144,1180,6/1/2015,T5K,1,6173.37,Canada
145,1182,6/1/2015,T6E,1,2519.37,Canada
146,794,6/1/2015,V5W,1,1070.37,Canada
147,1391,5/28/2015,T2X,1,2266.74,Canada
148,636,5/29/2015,V6J,1,11118.87,Canada
149,2332,5/29/2015,T6G,1,6356.7,Canada
150,438,5/25/2015,R2G,1,11969.37,Canada
151,1348,5/25/2015,T5B,1,4156.74,Canada
152,394,5/25/2015,T6T,1,19686.87,Canada
153,438,5/25/2015,T6P,1,11969.37,Canada
154,506,5/25/2015,T6G,1,15560.37,Canada
155,443,5/26/2015,T6G,1,11084.85,Canada
156,1299,5/26/2015,V6H,1,6487.74,Canada
157,2396,5/26/2015,T5J,1,1442.7,Canada
158,2275,5/26/2015,V6J,1,4472.37,Canada
159,2371,5/26/2015,V6J,1,6866.37,Canada
160,1722,5/26/2015,T3G,1,1038.87,Canada
161,295,5/27/2015,V5M,1,12596.85,Canada
162,2396,5/27/2015,V6S,1,1385.37,Canada
163,1180,6/21/2015,T5B,1,6173.37,Canada
164,794,6/22/2015,V6Z,1,1070.37,Canada
165,2218,6/22/2015,V6M,1,1763.37,Canada
166,781,6/22/2015,T5C,1,1322.37,Canada
167,993,6/22/2015,V6J,1,4598.37,Canada
168,1212,6/22/2015,T6E,1,5259.87,Canada
169,207,6/22/2015,T5B,1,11843.37,Canada
170,793,6/22/2015,V6Z,1,1070.37,Canada
171,782,6/22/2015,T5C,1,1322.37,Canada
172,2219,6/22/2015,V6M,1,1763.37,Canada
173,487,6/23/2015,V5X,1,13229.37,Canada
174,2219,4/8/2015,V5N,1,1826.37,Canada
175,2412,4/8/2015,V6A,1,1290.87,Canada
176,1344,5/24/2015,M7Y,1,4408.74,Canada
177,491,5/24/2015,R3G,1,10709.37,Canada
178,1223,5/25/2015,L5P,1,4787.37,Canada
179,407,5/25/2015,R3H,1,20505.87,Canada
180,2368,6/24/2015,M5X,1,8687.7,Canada
181,2350,6/24/2015,R3H,1,4466.7,Canada
182,545,6/24/2015,M5L,1,10835.37,Canada
183,926,6/24/2015,K1R,1,6803.37,Canada
184,2393,6/24/2015,L5R,2,2702.07,Canada
185,549,6/24/2015,M6S,1,6614.37,Canada
186,2354,6/25/2015,M4S,1,4661.37,Canada
187,407,6/25/2015,L5P,1,20505.87,Canada
188,2045,6/25/2015,M6H,1,6173.37,Canada
189,599,6/25/2015,R3S,1,10643.85,Canada
190,1180,6/25/2015,L5N,1,6299.37,Canada
191,506,6/25/2015,R3A,1,15560.37,Canada
192,1022,3/31/2015,R3X,1,1889.37,Canada
193,1077,3/31/2015,L5T,1,4220.37,Canada
194,1180,3/31/2015,M5R,1,6173.37,Canada
195,1183,3/31/2015,M4E,1,7559.37,Canada
196,1879,4/1/2015,M6H,1,11339.37,Canada
197,556,4/1/2015,R3G,1,10268.37,Canada
198,674,1/18/2015,M6H,1,8189.37,Canada
199,578,2/23/2015,M5X,1,9449.37,Canada
200,1180,2/24/2015,L5N,1,6173.37,Canada
201,443,2/24/2015,L5N,1,11084.85,Canada
202,947,2/24/2015,R3V,1,8504.37,Canada
203,2365,2/24/2015,K1R,1,6356.7,Canada
204,967,2/24/2015,R3H,1,8126.37,Canada
205,590,1/19/2015,R3H,1,10709.37,Canada
206,1182,1/19/2015,L5R,1,2519.37,Canada
207,1522,1/19/2015,L5R,2,12597.48,Canada
208,1521,1/19/2015,L5R,2,12597.48,Canada
209,674,4/24/2015,L5N,1,8315.37,Canada
210,549,4/24/2015,M4E,1,6614.37,Canada
211,2275,4/24/2015,R3G,1,4724.37,Canada
212,1022,3/15/2015,V6S,1,1889.37,Canada
213,1183,3/15/2015,T5J,1,7433.37,Canada
214,2055,3/15/2015,V6H,1,7874.37,Canada
215,826,1/30/2015,T6T,1,14426.37,Canada
216,978,1/30/2015,T6G,1,9638.37,Canada
217,1883,1/30/2015,T6E,1,9134.37,Canada
218,407,2/8/2015,V6R,1,20505.87,Canada
219,2055,2/8/2015,V5W,1,7874.37,Canada
220,443,2/9/2015,R2G,1,11084.85,Canada
221,2263,3/26/2015,T6W,1,4220.37,Canada
222,1009,3/10/2015,V7W,1,1353.87,Canada
223,229,3/10/2015,T5J,1,7241.85,Canada
224,1519,3/10/2015,T5Y,1,2707.74,Canada
225,438,3/23/2015,V6J,1,11969.37,Canada
226,457,3/23/2015,T5K,1,11969.37,Canada
227,487,3/23/2015,T6E,1,13229.37,Canada
228,332,4/3/2015,V5R,1,11336.85,Canada
229,585,4/3/2015,V6J,1,5039.37,Canada
230,359,4/3/2015,T3C,1,13730.85,Canada
231,1172,4/5/2015,T5K,1,5921.37,Canada
232,1529,4/9/2015,M5R,1,5038.74,Canada
233,674,2/5/2015,R3G,1,8189.37,Canada
234,2225,3/17/2015,L5P,1,723.87,Canada
235,945,3/17/2015,L5N,1,8189.37,Canada
236,438,2/21/2015,K1R,1,11969.37,Canada
237,585,2/21/2015,L5R,1,5039.37,Canada
238,438,2/22/2015,R3V,1,11969.37,Canada
239,556,2/22/2015,R3T,1,10268.37,Canada
240,1472,2/23/2015,R3T,1,3526.74,Canada
241,2379,2/23/2015,H1G,1,2330.37,Canada
242,963,3/31/2015,R3B,1,5039.37,Canada
243,993,3/31/2015,R2W,1,4598.37,Canada
244,1223,3/31/2015,H1B,1,4787.37,Canada
245,2061,1/5/2015,L5P,1,4409.37,Canada
246,1114,1/5/2015,R3A,1,2424.87,Canada
247,1180,1/6/2015,R2Y,1,6299.37,Canada
248,12,1/6/2015,L5N,1,5480.37,Canada
249,1124,2/23/2015,L5R,1,8315.37,Canada
250,407,2/23/2015,H1G,1,20505.87,Canada
251,487,2/23/2015,L5G,1,13229.37,Canada
252,1471,2/23/2015,R3T,1,3526.74,Canada
253,826,2/23/2015,R3T,1,14426.37,Canada
254,202,3/31/2015,L5P,1,15749.37,Canada
255,487,3/31/2015,L5J,1,13229.37,Canada
256,1086,3/31/2015,R3G,1,1164.87,Canada
257,2054,3/31/2015,L5N,1,7685.37,Canada
258,2055,4/9/2015,L5P,1,7874.37,Canada
259,1348,4/12/2015,K2P,1,4156.74,Canada
260,1114,1/7/2015,M4Y,1,2424.87,Canada
261,2215,2/27/2015,L5N,1,4535.37,Canada
262,2214,2/27/2015,L5N,1,4535.37,Canada
263,2367,2/27/2015,H1B,1,5663.7,Canada
264,2395,2/27/2015,M6H,1,1889.37,Canada
265,2284,1/25/2015,K1R,1,4157.37,Canada
266,2186,1/26/2015,M5L,1,5606.37,Canada
267,735,1/26/2015,R2W,1,4724.37,Canada
268,736,1/26/2015,R2W,1,4724.37,Canada
269,1350,5/31/2015,R3V,2,10077.48,Canada
270,1496,5/31/2015,M4V,1,4408.74,Canada
271,1529,5/31/2015,R3H,1,4282.74,Canada
272,1703,5/31/2015,K1H,1,1290.87,Canada
273,1343,5/31/2015,M4V,1,3778.74,Canada
274,1363,5/31/2015,R3S,1,2455.74,Canada
275,438,5/31/2015,R3H,1,11969.37,Canada
276,1823,6/1/2015,L5P,1,5480.37,Canada
277,1172,4/23/2015,M7Y,1,5732.37,Canada
278,1223,4/23/2015,M5R,1,4787.37,Canada
279,676,4/23/2015,L5N,1,9134.37,Canada
280,1175,4/23/2015,K1Y,1,7622.37,Canada
281,405,4/23/2015,M6H,1,22994.37,Canada
282,438,6/1/2015,M4P,1,11969.37,Canada
283,1852,6/1/2015,L5N,1,2078.37,Canada
284,761,6/2/2015,R3H,1,2330.37,Canada
285,762,6/2/2015,R3H,1,2330.37,Canada
286,548,4/24/2015,M5L,1,6236.37,Canada
287,407,4/24/2015,M5R,1,20505.87,Canada
288,907,2/19/2015,L5R,1,7307.37,Canada
289,183,2/19/2015,R3G,1,8694,Canada
290,359,2/19/2015,M6S,1,13730.85,Canada
291,1060,3/1/2015,M4E,1,1952.37,Canada
292,1137,3/1/2015,K1R,1,8693.37,Canada
293,1180,3/1/2015,K1N,1,6299.37,Canada
294,2073,3/1/2015,L5L,1,4535.37,Canada
295,556,3/2/2015,H1B,1,10268.37,Canada
296,1942,3/2/2015,R3V,1,1448.37,Canada
297,559,3/2/2015,L5P,1,7559.37,Canada
298,1995,3/2/2015,M5P,1,5354.37,Canada
299,1943,3/2/2015,R3V,1,1448.37,Canada
300,1466,3/11/2015,M4R,1,2802.24,Canada
301,478,3/11/2015,M4E,1,17009.37,Canada
302,2388,3/11/2015,M4Y,1,4157.37,Canada
303,2219,3/11/2015,L5H,1,1763.37,Canada
304,1226,3/12/2015,K1N,1,6866.37,Canada
305,1137,3/12/2015,H1B,1,8945.37,Canada
306,636,6/27/2015,H2Z,1,10583.37,Canada
307,487,6/27/2015,R3V,1,13229.37,Canada
308,1722,6/30/2015,M6H,1,1038.87,Canada
309,1304,4/19/2015,M5P,1,4787.37,Canada
310,1171,4/19/2015,M4Y,1,4283.37,Canada
311,1180,4/19/2015,M5B,1,6173.37,Canada
312,1987,4/19/2015,M6G,1,2204.37,Canada
313,433,4/20/2015,M4E,1,11969.37,Canada
314,2361,4/20/2015,L5N,1,7112.7,Canada
315,734,2/25/2015,R3V,1,4787.37,Canada
316,1235,2/25/2015,L5R,1,5794.74,Canada
317,1349,2/25/2015,R3H,1,4282.74,Canada
318,733,2/25/2015,R3V,1,4787.37,Canada
319,2275,2/25/2015,R3G,1,5096.7,Canada
320,1236,2/25/2015,L5R,1,5794.74,Canada
321,1350,2/25/2015,R3H,1,4282.74,Canada
322,438,2/26/2015,M6G,1,11969.37,Canada
323,791,2/26/2015,L5N,1,849.87,Canada
324,1183,1/20/2015,K1R,1,7433.37,Canada
325,1182,1/21/2015,L5N,1,2519.37,Canada
326,1853,1/1/2015,L5N,1,4409.37,Canada
327,1851,1/1/2015,L5J,1,3905.37,Canada
328,781,1/4/2015,L5N,1,1303.47,Canada
329,782,1/4/2015,L5N,1,1303.47,Canada
330,1212,2/26/2015,K1R,1,4850.37,Canada
331,993,2/26/2015,R3H,2,9007.74,Canada
332,792,2/26/2015,L5N,1,849.87,Canada
333,794,1/23/2015,L5N,1,1070.37,Canada
334,793,1/23/2015,L5T,1,1070.37,Canada
335,794,1/23/2015,L5T,1,1070.37,Canada
336,793,1/23/2015,L5N,1,1070.37,Canada
337,959,2/27/2015,R3V,1,10362.87,Canada
338,438,2/28/2015,R3E,1,11969.37,Canada
339,440,2/28/2015,L5G,1,19529.37,Canada
340,548,2/28/2015,R3V,1,6299.37,Canada
341,2359,3/1/2015,M5S,1,5543.37,Canada
342,1059,3/1/2015,L5T,1,1889.37,Canada
343,1212,3/1/2015,L5N,1,5448.87,Canada
344,1060,3/1/2015,L5T,1,1889.37,Canada
345,1059,3/1/2015,M4E,1,1952.37,Canada
346,2084,3/1/2015,L5N,1,8252.37,Canada
347,2145,3/12/2015,L5G,1,4850.37,Canada
348,2225,3/12/2015,M5B,1,818.37,Canada
349,959,3/19/2015,M4E,1,10362.87,Canada
350,2280,3/19/2015,M5P,1,2046.87,Canada
351,1714,3/8/2015,L5T,1,1259.37,Canada
352,496,3/8/2015,M6H,1,11339.37,Canada
353,1085,3/31/2015,R3G,1,1164.87,Canada
354,487,4/27/2015,L5N,1,13229.37,Canada
355,556,4/27/2015,M6H,1,10268.37,Canada
356,578,3/12/2015,R3G,1,9449.37,Canada
357,1175,3/12/2015,K1H,1,7811.37,Canada
358,407,3/12/2015,R3V,1,20505.87,Canada
359,2224,3/12/2015,M5B,1,818.37,Canada
360,548,3/13/2015,M5P,1,6299.37,Canada
361,253,3/13/2015,M6G,1,8816.85,Canada
362,2332,3/13/2015,M5P,1,6419.7,Canada
363,945,5/31/2015,K1Y,1,8189.37,Canada
364,1489,5/31/2015,R3G,1,3778.74,Canada
365,1518,5/31/2015,R3G,1,2361.24,Canada
366,1707,5/31/2015,K1H,1,1511.37,Canada
367,1344,5/31/2015,M4V,1,3778.74,Canada
368,1349,5/31/2015,R3V,2,10077.48,Canada
369,1364,5/31/2015,R3S,1,2455.74,Canada
370,1495,5/31/2015,M4V,1,4408.74,Canada
371,1490,5/31/2015,R3G,1,3778.74,Canada
372,1120,6/30/2015,L5P,1,2109.87,Canada
373,1145,6/30/2015,M6H,1,4031.37,Canada
374,781,6/30/2015,L4X,1,1303.47,Canada
375,438,6/21/2015,K1R,1,11969.37,Canada
376,1182,3/3/2015,L4X,1,2708.37,Canada
377,2275,3/3/2015,M5R,1,4661.37,Canada
378,2180,3/4/2015,M5L,1,5606.37,Canada
379,1129,3/4/2015,R3R,1,5543.37,Canada
380,1465,3/11/2015,M4R,1,2802.24,Canada
381,2218,3/11/2015,L5H,1,1763.37,Canada
382,2064,3/11/2015,L4Y,1,6929.37,Canada
383,407,3/24/2015,L5H,1,20505.87,Canada
384,927,3/24/2015,M4V,1,6173.37,Canada
385,1180,3/24/2015,L5N,1,6173.37,Canada
386,2336,3/24/2015,K1R,1,9128.7,Canada
387,506,3/24/2015,L5T,1,15560.37,Canada
388,359,2/12/2015,M6H,1,13730.85,Canada
389,506,6/21/2015,M6H,1,15560.37,Canada
390,506,6/21/2015,M6S,1,15560.37,Canada
391,1049,6/21/2015,H1B,1,3086.37,Canada
392,2086,4/28/2015,V6A,1,2897.37,Canada
393,826,4/28/2015,V5W,1,13229.37,Canada
394,1171,4/28/2015,V6A,1,4283.37,Canada
395,1180,4/28/2015,T3R,1,6173.37,Canada
396,2186,4/28/2015,T6E,1,5606.37,Canada
397,927,4/28/2015,T2X,1,6173.37,Canada
398,977,4/28/2015,T6E,1,5858.37,Canada
399,2365,6/23/2015,V6A,1,6356.7,Canada
400,487,6/23/2015,T6E,1,13229.37,Canada
401,440,4/5/2015,V6M,1,19529.37,Canada
402,438,4/5/2015,T5B,1,11969.37,Canada
403,556,4/6/2015,V5W,1,10268.37,Canada
404,762,4/6/2015,V6Z,1,2330.37,Canada
405,945,4/6/2015,T6G,1,8189.37,Canada
406,1120,4/6/2015,R2G,1,2330.37,Canada
407,17,3/31/2015,T3C,1,4977,Canada
408,1009,3/16/2015,T5Y,1,1353.87,Canada
409,1212,3/16/2015,V6H,1,4850.37,Canada
410,690,3/16/2015,T3C,1,4409.37,Canada
411,407,3/17/2015,V6S,1,20505.87,Canada
412,457,2/3/2015,T6T,1,11969.37,Canada
413,2207,2/3/2015,V6H,1,1227.87,Canada
414,659,2/3/2015,T5K,1,17639.37,Canada
415,2207,2/3/2015,T2X,1,1227.87,Canada
416,2206,2/3/2015,V6H,1,1227.87,Canada
417,2206,2/3/2015,T2X,1,1227.87,Canada
418,1086,2/4/2015,T5L,1,1416.87,Canada
419,1118,2/4/2015,T5L,1,4409.37,Canada
420,2215,2/4/2015,T6G,1,4724.37,Canada
421,1129,2/4/2015,T6E,1,5543.37,Canada
422,615,2/4/2015,T5L,1,8189.37,Canada
423,945,2/4/2015,V5Z,1,8189.37,Canada
424,1085,2/4/2015,T5L,1,1416.87,Canada
425,2214,2/4/2015,T6G,1,4724.37,Canada
426,1180,4/5/2015,V5M,1,6299.37,Canada
427,1175,4/5/2015,V7W,1,7244.37,Canada
428,1171,3/15/2015,V7Y,1,4283.37,Canada
429,1228,3/16/2015,V5V,1,1763.37,Canada
430,2380,3/16/2015,V5M,1,3968.37,Canada
431,8,3/16/2015,V6H,2,11333.7,Canada
432,981,3/23/2015,T6G,1,2141.37,Canada
433,520,3/24/2015,T6G,1,7367.85,Canada
434,1171,3/24/2015,V6A,1,4472.37,Canada
435,2225,4/6/2015,V6R,1,818.37,Canada
436,761,4/6/2015,V6Z,1,2330.37,Canada
437,1129,4/30/2015,T2J,1,5543.37,Canada
438,978,4/30/2015,T6K,1,9638.37,Canada
439,1068,4/30/2015,R2G,1,4881.87,Canada
440,2055,4/30/2015,V7Y,1,7874.37,Canada
441,17,1/31/2015,T5W,1,4832.1,Canada
442,1879,1/31/2015,T6E,1,11717.37,Canada
443,407,2/1/2015,T6E,1,20505.87,Canada
444,1129,2/1/2015,T2Y,1,5543.37,Canada
445,1182,2/1/2015,T6E,1,2519.37,Canada
446,1391,2/16/2015,T6R,1,2077.74,Canada
447,781,2/16/2015,T2H,1,1271.97,Canada
448,782,2/16/2015,T2H,1,1271.97,Canada
449,1392,2/16/2015,T6R,1,2077.74,Canada
450,907,2/5/2015,V5N,1,7307.37,Canada
451,2332,2/16/2015,T5L,1,6293.7,Canada
452,491,2/17/2015,T6T,1,11339.37,Canada
453,981,2/17/2015,T5K,1,2141.37,Canada
454,548,2/17/2015,T6K,1,6236.37,Canada
455,659,2/18/2015,V6R,1,17639.37,Canada
456,1703,2/18/2015,V5N,1,1290.87,Canada
457,433,2/20/2015,T3G,1,11969.37,Canada
458,1183,3/31/2015,T6E,1,7433.37,Canada
459,407,6/24/2015,T1Y,1,20505.87,Canada
460,506,5/24/2015,V6Z,1,15560.37,Canada
461,615,5/24/2015,V5W,1,8189.37,Canada
462,1171,5/25/2015,R2G,1,4283.37,Canada
463,1347,5/25/2015,T5B,1,4156.74,Canada
464,650,6/24/2015,T6R,1,6173.37,Canada
465,1211,6/24/2015,T6E,1,8630.37,Canada
466,2295,6/24/2015,T2C,1,11459.7,Canada
467,549,6/25/2015,V6A,1,6614.37,Canada
468,1220,6/25/2015,T6G,1,7748.37,Canada
469,1175,6/25/2015,V6T,1,7622.37,Canada
470,2284,6/25/2015,V5Z,1,4403.7,Canada
471,457,6/25/2015,T6E,1,11969.37,Canada
472,1053,3/31/2015,T3C,1,3527.37,Canada
473,2275,3/31/2015,V5Z,1,4661.37,Canada
474,440,3/31/2015,T6G,1,19529.37,Canada
475,2385,3/31/2015,V6Z,1,9437.4,Canada
476,1009,4/1/2015,T6E,1,1353.87,Canada
477,636,1/18/2015,V6S,1,11118.87,Canada
478,1085,3/18/2015,T5Y,1,1101.87,Canada
479,407,3/18/2015,T2J,1,20505.87,Canada
480,2055,3/18/2015,V5N,1,7874.37,Canada
481,496,3/18/2015,T2J,1,11147.85,Canada
482,556,3/18/2015,V5V,1,10394.37,Canada
483,939,3/18/2015,T2X,1,4409.37,Canada
484,590,3/18/2015,T2X,1,10709.37,Canada
485,2269,2/23/2015,V6A,1,3936.87,Canada
486,2237,2/24/2015,T6T,1,2330.37,Canada
487,2280,2/24/2015,T6R,1,2046.87,Canada
488,1991,2/24/2015,V5W,1,3842.37,Canada
489,2236,2/24/2015,T6T,1,2330.37,Canada
490,1175,2/24/2015,T6E,1,8441.37,Canada
491,819,2/24/2015,T5W,1,15528.87,Canada
492,609,1/18/2015,V5V,1,10079.37,Canada
493,1178,1/19/2015,V7P,1,7086.87,Canada
494,457,1/19/2015,T6E,1,11969.37,Canada
495,1521,1/19/2015,V6A,1,6298.74,Canada
496,1522,1/19/2015,V6A,1,6298.74,Canada
497,2069,3/30/2015,L5N,1,6299.37,Canada
498,1049,3/24/2015,R3S,1,3086.37,Canada
499,438,3/25/2015,M5N,1,11525.85,Canada
500,1183,3/25/2015,M7Y,1,7275.87,Canada
501,759,4/6/2015,M7Y,1,1983.87,Canada
502,438,4/6/2015,M4E,1,11969.37,Canada
503,676,4/6/2015,M6H,1,9134.37,Canada
504,556,4/6/2015,R3K,1,10268.37,Canada
505,699,4/6/2015,M4P,1,2865.87,Canada
506,826,3/26/2015,K1H,1,12536.37,Canada
507,985,3/26/2015,R3V,1,9764.37,Canada
508,993,3/26/2015,M4E,1,4409.37,Canada
509,457,4/17/2015,M4E,1,11969.37,Canada
510,438,4/18/2015,H1G,1,11969.37,Canada
511,407,3/20/2015,L5P,1,20505.87,Canada
512,2280,3/20/2015,R3B,1,2046.87,Canada
513,633,3/21/2015,M4V,1,6803.37,Canada
514,590,3/21/2015,L5N,1,10709.37,Canada
515,577,3/21/2015,R3E,1,12284.37,Canada
516,443,3/21/2015,L5R,1,11084.85,Canada
517,674,3/9/2015,R3V,1,8315.37,Canada
518,927,3/9/2015,M4S,1,6173.37,Canada
519,1049,3/9/2015,M7Y,1,3086.37,Canada
520,342,3/9/2015,H1B,1,8816.85,Canada
521,2090,1/27/2015,L5G,1,4598.37,Canada
522,676,1/28/2015,R3E,1,9134.37,Canada
523,1145,1/28/2015,L5R,1,4031.37,Canada
524,531,2/7/2015,M6H,1,7556.85,Canada
525,615,4/7/2015,L4Y,1,8189.37,Canada
526,676,4/7/2015,M6H,1,9134.37,Canada
527,734,3/10/2015,R3B,1,4787.37,Canada
528,965,3/10/2015,K1H,1,6299.37,Canada
529,674,3/10/2015,M5K,1,8189.37,Canada
530,2060,4/27/2015,M4V,1,4409.37,Canada
531,545,4/27/2015,R3B,1,10835.37,Canada
532,1078,6/28/2015,M4E,1,4220.37,Canada
533,1180,3/29/2015,M4E,1,6299.37,Canada
534,443,3/29/2015,R3H,1,11084.85,Canada
535,506,1/13/2015,R2G,1,15560.37,Canada
536,1883,1/13/2015,V6S,1,9134.37,Canada
537,1129,1/14/2015,R2P,1,5543.37,Canada
538,1518,1/14/2015,V6S,1,2770.74,Canada
539,2092,1/14/2015,R2C,1,4220.37,Canada
540,1517,1/14/2015,V6S,1,2770.74,Canada
541,556,1/15/2015,V7W,1,10268.37,Canada
542,240,1/16/2015,V5M,1,5528.25,Canada
543,430,1/17/2015,T2J,1,10827.81,Canada
544,1145,3/31/2015,V6E,1,4031.37,Canada
545,2045,3/31/2015,V6Z,1,6173.37,Canada
546,491,4/9/2015,V5X,1,10709.37,Canada
547,478,4/9/2015,V6H,1,17009.37,Canada
548,676,4/9/2015,T5C,1,9134.37,Canada
549,808,4/9/2015,T5K,1,4125.87,Canada
550,1182,4/9/2015,T5Y,1,2834.37,Canada
551,777,6/26/2015,T2P,1,1542.87,Canada
552,556,6/27/2015,V6Z,1,10268.37,Canada
553,2086,6/30/2015,T6E,1,2897.37,Canada
554,1061,6/30/2015,T5H,1,1889.37,Canada
555,1344,4/19/2015,V5V,2,8817.48,Canada
556,2277,4/20/2015,T6E,1,3527.37,Canada
557,1086,4/20/2015,T6G,1,1322.37,Canada
558,1172,4/20/2015,T5H,1,5732.37,Canada
559,1496,4/20/2015,V6H,1,5038.74,Canada
560,778,4/20/2015,T6E,1,1542.87,Canada
561,438,2/25/2015,T2C,1,11969.37,Canada
562,567,2/25/2015,T6K,1,10520.37,Canada
563,478,2/25/2015,T2C,1,17009.37,Canada
564,585,2/26/2015,T1Y,1,5039.37,Canada
565,762,2/26/2015,T2J,1,2330.37,Canada
566,457,1/20/2015,R2G,1,11969.37,Canada
567,438,1/21/2015,V7W,1,11969.37,Canada
568,1172,1/21/2015,T2X,1,5732.37,Canada
569,115,1/21/2015,V7W,1,10584,Canada
570,1763,1/1/2015,T6G,1,5669.37,Canada
571,1837,1/1/2015,T5K,1,1952.37,Canada
572,496,1/4/2015,V7Y,1,11147.85,Canada
573,1086,1/5/2015,T1Y,1,1416.87,Canada
574,506,2/26/2015,T1Y,1,15560.37,Canada
575,628,2/26/2015,T6G,1,11503.8,Canada
576,690,2/26/2015,T6E,1,4409.37,Canada
577,761,2/26/2015,T2J,1,2330.37,Canada
578,2269,2/26/2015,V6E,1,4188.87,Canada
579,792,1/22/2015,V5M,1,849.87,Canada
580,2402,1/22/2015,T6G,1,4151.7,Canada
581,487,1/22/2015,V5V,1,13229.37,Canada
582,791,1/22/2015,V5M,1,849.87,Canada
583,2388,1/24/2015,V6Z,1,4031.37,Canada
584,1496,1/25/2015,T2J,1,5038.74,Canada
585,959,1/25/2015,V6S,1,10362.87,Canada
586,407,2/27/2015,T2J,1,20505.87,Canada
587,685,2/28/2015,T3C,1,9449.37,Canada
588,506,2/28/2015,T1Y,1,15560.37,Canada
589,2395,1/7/2015,R2G,1,1889.37,Canada
590,1060,1/8/2015,V5W,1,2078.37,Canada
591,1086,1/8/2015,V5W,1,1101.87,Canada
592,1059,1/8/2015,V5W,1,2078.37,Canada
593,1085,1/8/2015,V5W,1,1101.87,Canada
594,1000,1/9/2015,V6A,1,1290.87,Canada
595,438,1/10/2015,V5Z,1,11969.37,Canada
596,1916,1/11/2015,V6J,1,3590.37,Canada
597,2045,1/11/2015,V6T,1,5921.37,Canada
598,1115,4/8/2015,V5V,1,5070.87,Canada
599,2218,4/8/2015,V5N,1,1826.37,Canada
600,578,4/8/2015,V6S,1,9449.37,Canada
601,599,4/9/2015,T2C,1,10643.85,Canada
602,835,4/9/2015,T6G,1,6299.37,Canada
603,2077,4/9/2015,T6E,1,4661.37,Canada
604,1212,2/5/2015,V5X,1,5102.37,Canada
605,438,3/17/2015,T6E,1,11969.37,Canada
606,491,2/20/2015,V6S,1,10709.37,Canada
607,506,2/21/2015,V6J,1,15560.37,Canada
608,615,2/21/2015,T5B,1,8189.37,Canada
609,604,2/21/2015,T5K,1,6299.37,Canada
610,506,2/22/2015,R2G,1,15560.37,Canada
611,1180,2/22/2015,T6E,1,6173.37,Canada
612,501,2/22/2015,T2C,1,13347.81,Canada
613,2284,2/22/2015,T6G,1,4157.37,Canada
614,1053,3/31/2015,R2C,1,3527.37,Canada
615,1228,3/31/2015,V6R,1,1763.37,Canada
616,2045,3/31/2015,T5K,1,6173.37,Canada
617,1085,1/5/2015,T1Y,1,1416.87,Canada
618,1049,1/5/2015,V6J,1,3086.37,Canada
619,2396,1/5/2015,V5V,1,1385.37,Canada
620,585,1/6/2015,V6H,1,5039.37,Canada
621,433,2/23/2015,T6E,1,11969.37,Canada
622,407,2/23/2015,T2C,1,20505.87,Canada
623,2396,2/23/2015,V7Y,1,1385.37,Canada
624,676,2/23/2015,T2C,1,9134.37,Canada
625,438,2/23/2015,T2C,1,11969.37,Canada
626,615,3/6/2015,T6E,1,8189.37,Canada
627,516,3/7/2015,T2C,1,6296.85,Canada
628,690,3/7/2015,T2C,1,4409.37,Canada
629,549,3/31/2015,T6E,1,6614.37,Canada
630,1142,3/31/2015,T3C,1,8441.37,Canada
631,690,3/31/2015,T5H,1,4409.37,Canada
632,568,4/10/2015,T2J,1,10546.2,Canada
633,548,4/10/2015,T1Y,1,6236.37,Canada
634,927,4/10/2015,T5H,1,6173.37,Canada
635,438,4/11/2015,T6R,1,11969.37,Canada
636,1180,4/12/2015,T6S,1,6173.37,Canada
637,1523,4/12/2015,V6S,1,4408.74,Canada
638,761,1/7/2015,R2G,1,2298.87,Canada
639,1171,1/7/2015,R2G,1,4283.37,Canada
640,762,1/7/2015,R2G,1,2298.87,Canada
641,985,2/27/2015,T6T,1,9953.37,Canada
642,506,2/27/2015,V5V,1,15560.37,Canada
643,2055,2/27/2015,V6S,1,7874.37,Canada
644,487,2/27/2015,T2H,1,13229.37,Canada
645,1495,1/25/2015,T2J,1,5038.74,Canada
646,978,2/18/2015,T2J,1,9638.37,Canada
647,1180,2/18/2015,T6E,1,6299.37,Canada
648,981,2/18/2015,T6K,1,2141.37,Canada
649,2045,5/31/2015,T5K,1,6173.37,Canada
650,2367,5/31/2015,T6E,1,5663.7,Canada
651,615,4/30/2015,V5W,1,8189.37,Canada
652,487,4/23/2015,T5H,1,13229.37,Canada
653,204,4/23/2015,T5J,1,11591.37,Canada
654,2354,4/23/2015,T6T,1,4661.37,Canada
655,1126,6/1/2015,T2J,1,8693.37,Canada
656,1223,4/23/2015,T6B,1,4787.37,Canada
657,2275,2/19/2015,V6Z,1,4661.37,Canada
658,1009,2/19/2015,T6R,1,1353.87,Canada
659,183,2/19/2015,T6V,1,8694,Canada
660,506,2/20/2015,T6G,1,15560.37,Canada
661,520,2/20/2015,T2C,1,7367.85,Canada
662,939,2/20/2015,T3B,1,4598.37,Canada
663,992,3/1/2015,T6E,1,3338.37,Canada
664,2350,3/1/2015,V5X,1,4403.7,Canada
665,545,3/2/2015,V6H,1,10835.37,Canada
666,2277,3/2/2015,V6M,1,3653.37,Canada
667,2054,3/2/2015,V6A,1,7685.37,Canada
668,2058,3/2/2015,T2X,1,3275.37,Canada
669,828,3/2/2015,T6V,1,10153.08,Canada
670,1722,3/2/2015,T5J,1,1038.87,Canada
671,26,3/13/2015,V6M,1,9292.5,Canada
672,115,3/13/2015,V6A,1,10710,Canada
673,2218,2/13/2015,V6M,1,1826.37,Canada
674,115,2/15/2015,V6A,1,10584,Canada
675,1022,3/11/2015,T6G,1,1889.37,Canada
676,2197,3/11/2015,T5H,1,2865.87,Canada
677,1145,3/11/2015,T6E,1,4031.37,Canada
678,489,3/12/2015,T2C,1,11969.37,Canada
679,2275,3/12/2015,V6M,1,4724.37,Canada
680,2207,3/30/2015,T6W,1,1227.87,Canada
681,942,3/24/2015,T6E,1,7370.37,Canada
682,2069,3/24/2015,T2X,1,6299.37,Canada
683,438,2/15/2015,V5N,1,11969.37,Canada
684,2332,4/6/2015,T5J,1,6356.7,Canada
685,206,4/6/2015,T6G,1,10457.37,Canada
686,1134,4/6/2015,T6E,1,10583.37,Canada
687,609,4/6/2015,V5V,1,10079.37,Canada
688,2224,4/6/2015,V6R,1,818.37,Canada
689,438,4/6/2015,T6E,1,11969.37,Canada
690,3,3/26/2015,T6C,1,10710,Canada
691,440,3/26/2015,T3R,1,19529.37,Canada
692,959,3/26/2015,T2X,1,10110.87,Canada
693,556,4/17/2015,T6T,1,10268.37,Canada
694,963,4/17/2015,T6G,1,5039.37,Canada
695,506,4/18/2015,V5Z,1,15560.37,Canada
696,438,3/19/2015,V6C,1,11969.37,Canada
697,491,3/20/2015,T5K,1,10709.37,Canada
698,2206,3/20/2015,V6Z,1,1164.87,Canada
699,2207,3/20/2015,V6Z,1,1164.87,Canada
700,438,3/22/2015,V6M,1,11969.37,Canada
701,1137,3/1/2015,T2J,1,9638.37,Canada
702,1852,3/1/2015,T6C,1,2078.37,Canada
703,1999,3/1/2015,T6E,1,8126.37,Canada
704,556,3/1/2015,V6J,1,10268.37,Canada
705,407,3/12/2015,V5V,1,20505.87,Canada
706,1086,3/18/2015,T5Y,1,1101.87,Canada
707,1212,3/18/2015,T3G,1,5102.37,Canada
708,2066,3/19/2015,V5Z,1,4724.37,Canada
709,1722,3/19/2015,V6S,1,1038.87,Canada
710,609,3/19/2015,V6Z,1,10079.37,Canada
711,978,3/8/2015,V6R,1,9638.37,Canada
712,438,3/8/2015,V5V,1,11969.37,Canada
713,605,3/8/2015,T1Y,1,5039.37,Canada
714,1530,3/9/2015,V6S,1,5038.74,Canada
715,579,3/31/2015,T3G,1,15938.37,Canada
716,491,4/12/2015,V6H,1,10709.37,Canada
717,1182,3/12/2015,T6E,1,2582.37,Canada
718,2155,3/12/2015,V5V,1,7748.37,Canada
719,702,3/12/2015,T3R,1,3779.37,Canada
720,2055,3/12/2015,V6A,1,7874.37,Canada
721,2099,3/12/2015,V6J,1,5165.37,Canada
722,907,3/13/2015,T6V,1,7307.37,Canada
723,590,3/13/2015,V5X,1,10709.37,Canada
724,819,3/13/2015,V5Z,1,16757.37,Canada
725,506,5/30/2015,T2K,1,15560.37,Canada
726,1999,5/31/2015,R2G,1,8126.37,Canada
727,1391,5/31/2015,T6S,1,2266.74,Canada
728,1507,5/31/2015,T2Y,1,1069.74,Canada
729,1392,5/31/2015,T6S,1,2266.74,Canada
730,1508,5/31/2015,T2Y,1,1069.74,Canada
731,927,6/30/2015,T2X,1,6173.37,Canada
732,487,6/30/2015,T6M,1,13229.37,Canada
733,1229,3/3/2015,V6A,1,3464.37,Canada
734,2180,3/4/2015,T6G,1,5606.37,Canada
735,1180,3/11/2015,T3R,1,6173.37,Canada
736,1009,3/11/2015,T5J,1,1353.87,Canada
737,1129,3/24/2015,V6B,1,5543.37,Canada
738,556,3/24/2015,T3G,1,10268.37,Canada
739,615,3/24/2015,V6S,1,8189.37,Canada
740,993,2/12/2015,V5N,1,4598.37,Canada
741,939,2/12/2015,T6G,1,4598.37,Canada
742,2219,2/13/2015,V6M,1,1826.37,Canada
743,862,6/21/2015,V7W,1,2330.37,Canada
744,438,3/31/2015,T6G,1,11969.37,Canada
745,978,3/31/2015,T6G,1,9386.37,Canada
746,2055,3/31/2015,V6H,1,7874.37,Canada
747,443,4/7/2015,T6G,1,11084.85,Canada
748,2379,3/25/2015,T6E,1,2330.37,Canada
749,585,3/25/2015,T6E,1,5039.37,Canada
750,1022,1/28/2015,T5Y,1,1889.37,Canada
751,1175,1/29/2015,V5W,1,7622.37,Canada
752,1180,1/29/2015,V5V,1,6173.37,Canada
753,1722,1/29/2015,V6H,1,1038.87,Canada
754,2117,1/29/2015,V5Z,1,8189.37,Canada
755,907,1/29/2015,T5L,1,7307.37,Canada
756,1529,3/9/2015,V6S,1,5038.74,Canada
757,516,3/9/2015,T2C,1,6296.85,Canada
758,1223,3/9/2015,V6A,1,4787.37,Canada
759,405,1/27/2015,T5Y,1,22994.37,Canada
760,577,1/27/2015,V5W,1,12284.37,Canada
761,2385,1/27/2015,T2X,1,9569.7,Canada
762,2224,1/27/2015,V5Z,1,818.37,Canada
763,2225,1/27/2015,V5Z,1,818.37,Canada
764,2402,1/28/2015,T6E,1,3842.37,Canada
765,1180,1/28/2015,T6G,1,6299.37,Canada
766,1129,1/28/2015,V6N,1,5543.37,Canada
767,496,1/28/2015,V5Z,1,11339.37,Canada
768,183,2/6/2015,T2X,1,8694,Canada
769,599,4/7/2015,T5K,1,10643.85,Canada
770,615,4/7/2015,V5W,1,8189.37,Canada
771,907,4/8/2015,V7W,1,7559.37,Canada
772,1129,4/8/2015,T6W,1,5543.37,Canada
773,1520,3/10/2015,T5Y,1,2707.74,Canada
774,2331,4/27/2015,T6G,1,7868.7,Canada
775,578,4/27/2015,V7M,1,9449.37,Canada
776,1320,6/28/2015,V6H,1,4975.74,Canada
777,1182,3/29/2015,V6J,1,2834.37,Canada
778,2236,3/29/2015,T6E,1,2330.37,Canada
779,2036,4/14/2015,V5P,2,4408.74,Canada
780,1137,4/14/2015,T3C,1,9638.37,Canada
781,2045,4/14/2015,T5B,1,6173.37,Canada
782,734,4/14/2015,T2X,1,4787.37,Canada
783,1212,4/14/2015,T5G,1,4850.37,Canada
784,1909,4/14/2015,V5P,2,4975.74,Canada
785,1059,4/15/2015,T2N,1,1952.37,Canada
786,1134,4/15/2015,T6R,1,10898.37,Canada
787,443,4/15/2015,T6E,1,11084.85,Canada
788,2368,6/4/2015,V7W,1,8687.7,Canada
789,478,6/4/2015,V6J,1,17009.37,Canada
790,2367,6/4/2015,V5W,1,5915.7,Canada
791,965,6/5/2015,T2J,1,6299.37,Canada
792,107,6/5/2015,T3G,1,6870.15,Canada
793,609,6/7/2015,T6V,1,10079.37,Canada
794,993,6/7/2015,T3G,1,4409.37,Canada
795,438,6/7/2015,V6M,1,11969.37,Canada
796,1060,4/15/2015,T2N,1,1952.37,Canada
797,1009,4/29/2015,T6G,1,1353.87,Canada
798,615,4/29/2015,T5X,1,8189.37,Canada
799,1180,4/29/2015,T2C,1,6173.37,Canada
800,2237,3/29/2015,T6E,1,2330.37,Canada
801,2055,6/28/2015,V5Z,1,7874.37,Canada
802,506,6/29/2015,R2L,1,15560.37,Canada
803,993,6/29/2015,T6G,1,4598.37,Canada
804,674,6/29/2015,T6G,1,8189.37,Canada
805,2368,6/29/2015,T6V,1,9191.7,Canada
806,993,6/29/2015,T6E,1,4094.37,Canada
807,1085,6/29/2015,V5T,1,1101.87,Canada
808,457,6/29/2015,T6G,1,11969.37,Canada
809,826,6/29/2015,T6G,1,14426.37,Canada
810,348,6/29/2015,V5X,1,7556.85,Canada
811,1086,6/29/2015,V5T,1,1101.87,Canada
812,2090,6/30/2015,V6J,1,4598.37,Canada
813,3,6/30/2015,V5M,1,10552.5,Canada
814,690,6/30/2015,V6J,1,4409.37,Canada
815,808,6/30/2015,V7W,1,4125.87,Canada
816,491,5/18/2015,T1Y,1,10709.37,Canada
817,556,5/1/2015,T5V,1,10268.37,Canada
818,1851,5/3/2015,R2G,1,3905.37,Canada
819,1009,5/3/2015,T5Y,1,1353.87,Canada
820,1009,5/3/2015,T5J,1,1353.87,Canada
821,2332,5/3/2015,T5L,1,6419.7,Canada
822,978,5/3/2015,V6G,1,9386.37,Canada
823,2280,5/4/2015,V5Z,1,2324.7,Canada
824,2380,5/4/2015,V6A,1,4031.37,Canada
825,2379,5/4/2015,V7Y,1,2513.7,Canada
826,676,5/4/2015,T6T,1,9134.37,Canada
827,706,5/5/2015,T5J,1,3401.37,Canada
828,674,5/5/2015,T6G,1,8189.37,Canada
829,609,5/5/2015,T6E,1,10079.37,Canada
830,1229,5/5/2015,T6W,1,3464.37,Canada
831,605,5/6/2015,V6R,1,5039.37,Canada
832,945,3/29/2015,T6E,1,8189.37,Canada
833,491,5/10/2015,V5W,1,10709.37,Canada
834,1518,5/10/2015,V5V,1,2770.74,Canada
835,1517,5/10/2015,V5V,1,2770.74,Canada
836,659,5/10/2015,T6T,1,17639.37,Canada
837,438,5/10/2015,R2G,1,11969.37,Canada
838,2225,4/15/2015,T2C,1,818.37,Canada
839,977,4/15/2015,V6S,1,6110.37,Canada
840,2224,4/15/2015,T2C,1,818.37,Canada
841,2207,4/15/2015,T5K,1,1227.87,Canada
842,487,4/15/2015,T6E,1,13229.37,Canada
843,2186,4/15/2015,M5P,1,5606.37,Canada
844,977,6/4/2015,L5R,1,6047.37,Canada
845,1053,6/4/2015,L5N,1,3527.37,Canada
846,2367,6/4/2015,M5X,1,5726.7,Canada
847,977,6/5/2015,L5N,1,6236.37,Canada
848,1171,6/7/2015,M5G,1,4283.37,Canada
849,2073,4/15/2015,M6H,1,4535.37,Canada
850,2345,4/15/2015,L5N,1,5354.37,Canada
851,2224,4/29/2015,R3G,1,755.37,Canada
852,604,4/29/2015,R3G,1,6299.37,Canada
853,1183,4/29/2015,L5N,1,7433.37,Canada
854,2225,4/29/2015,R3G,1,755.37,Canada
855,1180,4/29/2015,L5G,1,6173.37,Canada
856,183,6/28/2015,L5P,1,8694,Canada
857,438,6/28/2015,M7Y,1,11969.37,Canada
858,407,6/29/2015,L5K,1,20505.87,Canada
859,1043,6/29/2015,L5N,1,4346.37,Canada
860,2097,6/29/2015,R3H,1,5858.37,Canada
861,959,6/29/2015,R3C,1,10362.87,Canada
862,1009,6/29/2015,L5N,1,1353.87,Canada
863,690,6/29/2015,R3T,1,4409.37,Canada
864,2064,6/30/2015,H2Y,1,6929.37,Canada
865,2067,6/30/2015,H1G,1,6614.37,Canada
866,487,6/30/2015,H1B,1,13229.37,Canada
867,1829,5/1/2015,M6S,1,3968.37,Canada
868,438,5/1/2015,K2P,1,11969.37,Canada
869,2238,5/3/2015,R2W,1,1700.37,Canada
870,2239,5/3/2015,R2W,1,1700.37,Canada
871,487,5/4/2015,M6H,1,13229.37,Canada
872,496,5/5/2015,R3V,1,11147.85,Canada
873,930,5/5/2015,L5N,1,6929.37,Canada
874,2055,5/5/2015,R3S,1,7874.37,Canada
875,2115,5/5/2015,R3B,1,7433.37,Canada
876,1223,5/6/2015,M4V,1,4787.37,Canada
877,927,5/6/2015,K1A,1,7685.37,Canada
878,438,5/7/2015,L5T,1,11969.37,Canada
879,733,5/7/2015,L5N,1,4787.37,Canada
880,945,3/29/2015,L5G,1,8189.37,Canada
881,2295,3/29/2015,H1B,1,11459.7,Canada
882,1089,3/29/2015,M5S,1,4598.37,Canada
883,1830,3/29/2015,M7Y,1,3779.37,Canada
884,690,3/30/2015,M4Y,1,4409.37,Canada
885,1863,5/8/2015,M5X,1,10079.37,Canada
886,2355,5/8/2015,M4R,1,7937.37,Canada
887,491,5/9/2015,M4V,1,10709.37,Canada
888,1212,5/10/2015,M6H,1,4850.37,Canada
889,1183,5/10/2015,H1B,1,7275.87,Canada
890,1000,5/10/2015,K1A,1,1290.87,Canada
891,1212,5/10/2015,M4P,1,5448.87,Canada
892,405,5/10/2015,R3H,1,22994.37,Canada
893,487,5/10/2015,M5X,1,13229.37,Canada
894,3,4/15/2015,M7Y,1,10710,Canada
895,995,4/15/2015,R2W,1,7118.37,Canada
896,1180,4/15/2015,L5N,1,6173.37,Canada
897,835,4/15/2015,R2W,1,6299.37,Canada
898,1022,4/16/2015,L5R,1,1889.37,Canada
899,808,5/7/2015,R3G,1,4535.37,Canada
900,734,5/7/2015,L5N,1,4787.37,Canada
901,1223,4/13/2015,L5N,1,4787.37,Canada
902,593,4/13/2015,M5E,1,10961.37,Canada
903,2169,4/13/2015,M7Y,1,7118.37,Canada
904,2350,4/13/2015,K1N,1,4466.7,Canada
905,438,4/13/2015,L5P,1,11969.37,Canada
906,1175,4/13/2015,M7Y,1,7811.37,Canada
907,1043,5/7/2015,L5P,1,4346.37,Canada
908,2379,5/8/2015,M5R,1,2330.37,Canada
909,2388,5/8/2015,M4P,1,4157.37,Canada
910,676,5/8/2015,R3V,1,9134.37,Canada
911,438,5/8/2015,L5N,1,11969.37,Canada
912,2368,4/14/2015,R3V,1,9128.7,Canada
913,1182,4/14/2015,K1H,1,2519.37,Canada
914,1774,4/14/2015,L5P,1,10079.37,Canada
915,993,4/14/2015,M4J,1,4598.37,Canada
916,636,4/14/2015,L5N,1,10583.37,Canada
917,604,4/14/2015,K1Y,1,6299.37,Canada
918,615,3/27/2015,M6H,1,8189.37,Canada
919,443,3/28/2015,M5X,1,11084.85,Canada
920,443,3/28/2015,M6H,1,11084.85,Canada
921,487,3/28/2015,M6H,1,13229.37,Canada
922,487,3/28/2015,M6J,1,13229.37,Canada
923,1115,3/29/2015,M6H,1,4755.87,Canada
924,2054,3/29/2015,M5L,1,7244.37,Canada
925,1090,3/29/2015,M5S,1,4598.37,Canada
926,1183,3/30/2015,R2V,1,7275.87,Canada
927,2332,3/30/2015,L5R,1,6293.7,Canada
928,578,3/30/2015,M4V,1,9449.37,Canada
929,1086,3/30/2015,M4P,1,1416.87,Canada
930,1126,3/30/2015,R3G,1,8693.37,Canada
931,1171,5/11/2015,M7Y,1,4283.37,Canada
932,1995,5/11/2015,M5L,1,5354.37,Canada
933,1171,5/18/2015,M5L,1,4283.37,Canada
934,556,4/16/2015,R3G,1,10268.37,Canada
935,578,4/16/2015,K2P,1,9449.37,Canada
936,1212,4/16/2015,L4Y,1,4850.37,Canada
937,907,3/30/2015,M5B,1,7559.37,Canada
938,2275,3/30/2015,H1B,1,4472.37,Canada
939,506,3/30/2015,M6G,1,15560.37,Canada
940,676,2/10/2015,V5V,1,9134.37,Canada
941,1175,2/11/2015,V6M,1,7811.37,Canada
942,534,2/11/2015,T6E,1,6296.85,Canada
943,2218,2/11/2015,T6T,1,1826.37,Canada
944,2219,2/11/2015,T6T,1,1826.37,Canada
945,440,2/11/2015,V6S,1,19529.37,Canada
946,2084,5/11/2015,V6Z,1,8252.37,Canada
947,1182,5/11/2015,V5V,1,2519.37,Canada
948,2355,5/11/2015,V6Z,1,7496.37,Canada
949,478,5/11/2015,T1Y,1,17009.37,Canada
950,2224,5/11/2015,V6Z,1,755.37,Canada
951,1182,5/12/2015,T2C,1,2582.37,Canada
952,1145,5/12/2015,T3G,1,4031.37,Canada
953,183,5/12/2015,T2X,1,8694,Canada
954,945,5/12/2015,V6S,1,8189.37,Canada
955,1001,5/12/2015,V6R,1,5165.37,Canada
956,1000,5/13/2015,V5Z,1,1353.87,Canada
957,1705,5/13/2015,V5N,1,1763.37,Canada
958,2090,5/13/2015,T2C,1,4283.37,Canada
959,2354,5/13/2015,T2A,1,4661.37,Canada
960,690,5/14/2015,V7M,1,4409.37,Canada
961,1180,5/14/2015,T3G,1,6299.37,Canada
962,457,5/14/2015,V7L,1,11969.37,Canada
963,1212,5/14/2015,T6V,1,5102.37,Canada
964,1180,5/20/2015,R2G,1,6173.37,Canada
965,1697,5/21/2015,T5H,1,2834.37,Canada
966,1706,5/21/2015,T5H,1,2834.37,Canada
967,1875,5/21/2015,T6S,1,12914.37,Canada
968,659,5/21/2015,V5X,1,17639.37,Canada
969,905,5/21/2015,V6T,1,7244.37,Canada
970,1182,5/21/2015,V5X,1,2834.37,Canada
971,487,5/21/2015,T2C,1,13229.37,Canada
972,1180,5/21/2015,T3G,1,6173.37,Canada
973,1212,5/21/2015,T3G,1,4661.37,Canada
974,1722,5/21/2015,T3C,1,1038.87,Canada
975,1129,5/21/2015,T2C,1,5543.37,Canada
976,819,5/22/2015,V6A,1,16757.37,Canada
977,506,5/24/2015,V7K,1,15560.37,Canada
978,1137,6/11/2015,T2J,1,8945.37,Canada
979,2379,6/12/2015,T5C,1,2513.7,Canada
980,2368,6/12/2015,T2X,1,8813.7,Canada
981,487,6/12/2015,T6S,1,13229.37,Canada
982,995,6/17/2015,T2Y,1,7118.37,Canada
983,2350,6/17/2015,T5K,1,4466.7,Canada
984,1134,6/17/2015,T2C,1,10898.37,Canada
985,1714,6/17/2015,T3G,1,1259.37,Canada
986,578,6/17/2015,T6G,1,9449.37,Canada
987,115,5/27/2015,T5Y,1,10710,Canada
988,1145,5/18/2015,T6K,1,4031.37,Canada
989,585,5/18/2015,T6G,1,5039.37,Canada
990,927,5/18/2015,T6T,1,6173.37,Canada
991,585,5/19/2015,T5V,1,5039.37,Canada
992,2388,6/15/2015,V6G,1,4031.37,Canada
993,496,4/20/2015,V6R,1,11339.37,Canada
994,777,4/20/2015,T6E,1,1542.87,Canada
995,1495,4/20/2015,V6H,1,5038.74,Canada
996,650,4/20/2015,V5T,1,6173.37,Canada
997,2367,4/20/2015,V5N,1,5915.7,Canada
998,1000,4/20/2015,T6E,1,1290.87,Canada
999,1085,4/20/2015,T6G,1,1322.37,Canada
1000,478,4/21/2015,V7M,1,17009.37,Canada
1001,1182,4/23/2015,T6G,1,2708.37,Canada
1002,1223,4/23/2015,T6J,1,4787.37,Canada
1003,999,4/29/2015,V6S,1,9386.37,Canada
1004,927,4/30/2015,T5H,1,6173.37,Canada
1005,1049,4/30/2015,T1Y,1,3086.37,Canada
1006,1995,4/30/2015,T6G,1,5354.37,Canada
1007,2395,4/30/2015,T5K,1,2009.7,Canada
1008,1229,5/28/2015,V5X,1,3464.37,Canada
1009,2015,5/28/2015,T6B,1,4094.37,Canada
1010,2400,5/28/2015,T6K,1,1070.37,Canada
1011,487,5/28/2015,V6M,1,13229.37,Canada
1012,491,5/28/2015,V6S,1,10709.37,Canada
1013,927,5/28/2015,T6G,1,5417.37,Canada
1014,2136,4/21/2015,V5M,1,5417.37,Canada
1015,438,4/21/2015,V6Z,1,11969.37,Canada
1016,2199,4/30/2015,V5N,1,2456.37,Canada
1017,506,4/30/2015,T6W,1,15560.37,Canada
1018,927,5/29/2015,V7M,1,6173.37,Canada
1019,1022,5/19/2015,V5Z,1,1889.37,Canada
1020,1085,5/19/2015,T6E,1,1416.87,Canada
1021,165,5/19/2015,T2C,1,8060.85,Canada
1022,2224,5/19/2015,T6E,1,818.37,Canada
1023,457,5/19/2015,T6S,1,11969.37,Canada
1024,1086,5/19/2015,T6E,1,1416.87,Canada
1025,826,5/19/2015,T6G,1,14426.37,Canada
1026,501,5/19/2015,V5L,1,13347.81,Canada
1027,2225,5/19/2015,T6E,1,818.37,Canada
1028,1182,4/21/2015,V6Z,1,2519.37,Canada
1029,2150,4/21/2015,T6E,1,6173.37,Canada
1030,1067,4/30/2015,R2G,1,4881.87,Canada
1031,2206,4/15/2015,T5K,1,1227.87,Canada
1032,1879,4/15/2015,T6T,1,11339.37,Canada
1033,2395,4/15/2015,T2L,1,1889.37,Canada
1034,506,4/29/2015,V6L,1,15560.37,Canada
1035,1183,4/29/2015,T3G,1,7433.37,Canada
1036,2269,4/29/2015,T3G,1,3936.87,Canada
1037,1223,5/7/2015,T6E,1,4787.37,Canada
1038,2367,5/7/2015,T5K,1,5663.7,Canada
1039,1182,4/13/2015,T6G,1,2708.37,Canada
1040,676,5/8/2015,T3G,1,9134.37,Canada
1041,183,5/8/2015,T3C,1,8694,Canada
1042,733,4/14/2015,T2X,1,4787.37,Canada
1043,1212,6/23/2015,M6P,1,4850.37,Canada
1044,2393,6/23/2015,R3T,1,1379.7,Canada
1045,826,6/24/2015,H3H,1,13922.37,Canada
1046,2334,6/24/2015,M4V,1,4592.7,Canada
1047,2367,5/11/2015,L5N,1,5663.7,Canada
1048,559,5/11/2015,M7Y,1,7559.37,Canada
1049,1722,5/11/2015,R3A,1,1038.87,Canada
1050,636,5/12/2015,M5X,1,10583.37,Canada
1051,237,5/12/2015,L5T,1,6296.85,Canada
1052,835,5/13/2015,M5R,1,6299.37,Canada
1053,927,5/13/2015,R3G,1,6047.37,Canada
1054,2055,5/13/2015,L5N,1,7874.37,Canada
1055,702,5/13/2015,K2A,1,3747.87,Canada
1056,1145,5/13/2015,M6G,1,4031.37,Canada
1057,183,5/13/2015,M7Y,1,8694,Canada
1058,549,5/14/2015,M4V,1,6614.37,Canada
1059,1000,5/14/2015,K1H,1,1290.87,Canada
1060,1995,5/14/2015,H1B,1,5354.37,Canada
1061,1175,5/21/2015,K1H,1,8441.37,Canada
1062,438,5/21/2015,H1B,1,11969.37,Canada
1063,2090,5/21/2015,M6S,1,4598.37,Canada
1064,1171,5/21/2015,R3G,1,4283.37,Canada
1065,1182,5/21/2015,R3G,1,2708.37,Canada
1066,590,5/22/2015,M4V,1,10709.37,Canada
1067,1009,6/11/2015,L5P,1,1353.87,Canada
1068,545,6/17/2015,K1R,1,10835.37,Canada
1069,207,6/17/2015,M5X,1,11843.37,Canada
1070,440,6/17/2015,R3G,1,19529.37,Canada
1071,777,6/17/2015,R3G,1,1542.87,Canada
1072,2396,5/18/2015,L5R,1,1385.37,Canada
1073,1000,5/19/2015,R3V,2,2707.74,Canada
1074,2365,4/20/2015,M5P,1,6482.7,Canada
1075,676,4/20/2015,R3B,1,9134.37,Canada
1076,206,4/30/2015,R3V,1,11402.37,Canada
1077,1059,4/30/2015,R3N,1,1889.37,Canada
1078,2367,4/30/2015,R3H,1,5663.7,Canada
1079,556,4/30/2015,M7Y,1,10268.37,Canada
1080,835,4/30/2015,M5X,1,6299.37,Canada
1081,1182,5/28/2015,L5N,1,2582.37,Canada
1082,2241,5/28/2015,M4P,1,1070.37,Canada
1083,2395,4/21/2015,L5R,1,1889.37,Canada
1084,1000,4/21/2015,L5P,1,1353.87,Canada
1085,2379,4/30/2015,R3G,1,2330.37,Canada
1086,615,5/29/2015,R3H,1,8189.37,Canada
1087,2207,5/29/2015,R3V,1,1227.87,Canada
1088,2385,5/29/2015,M4V,1,8555.4,Canada
1089,826,5/29/2015,L5N,1,14426.37,Canada
1090,2218,5/29/2015,M6S,1,1889.37,Canada
1091,2368,5/29/2015,M7Y,1,8813.7,Canada
1092,567,5/30/2015,L5G,1,10520.37,Canada
1093,487,5/30/2015,K1R,1,13229.37,Canada
1094,927,4/22/2015,L5R,1,6173.37,Canada
1095,1145,4/22/2015,M4V,1,4031.37,Canada
1096,2331,5/19/2015,K1A,1,7805.7,Canada
1097,762,5/19/2015,M5X,1,2330.37,Canada
1098,927,5/19/2015,R3T,1,7685.37,Canada
1099,977,5/19/2015,R3B,1,6299.37,Canada
1100,2379,5/19/2015,L5N,1,2513.7,Canada
1101,939,5/19/2015,R3T,1,4598.37,Canada
1102,2380,5/19/2015,H3A,1,4031.37,Canada
1103,761,5/19/2015,M5X,1,2330.37,Canada
1104,826,4/21/2015,K1A,1,14426.37,Canada
1105,939,4/21/2015,R3X,1,4409.37,Canada
1106,1053,4/30/2015,M5B,1,3527.37,Canada
1107,438,4/30/2015,R3X,1,11969.37,Canada
1108,1889,5/17/2015,L5P,1,8693.37,Canada
1109,1180,4/30/2015,R3N,1,6299.37,Canada
1110,2214,4/30/2015,R3B,1,4724.37,Canada
1111,1244,5/28/2015,R3V,1,5794.74,Canada
1112,2332,5/28/2015,L5R,1,6419.7,Canada
1113,981,5/28/2015,R2W,1,2141.37,Canada
1114,1529,5/28/2015,M6G,1,5038.74,Canada
1115,491,5/28/2015,H1B,1,10709.37,Canada
1116,907,4/14/2015,T2C,1,7874.37,Canada
1117,2091,4/14/2015,V5P,2,4408.74,Canada
1118,2224,3/27/2015,T6J,1,818.37,Canada
1119,506,3/28/2015,V6G,1,15560.37,Canada
1120,927,3/29/2015,T6G,1,6173.37,Canada
1121,2280,3/29/2015,V5W,1,2046.87,Canada
1122,2332,4/29/2015,T5H,1,6293.7,Canada
1123,1086,3/30/2015,V7W,1,1322.37,Canada
1124,1228,3/30/2015,V7W,1,1763.37,Canada
1125,457,3/30/2015,R2G,1,11969.37,Canada
1126,1134,3/30/2015,T5K,1,10583.37,Canada
1127,2206,3/30/2015,T6W,1,1227.87,Canada
1128,407,3/30/2015,V7Y,1,20505.87,Canada
1129,1987,3/30/2015,R2G,1,2204.37,Canada
1130,2396,5/10/2015,R2C,1,1385.37,Canada
1131,1229,5/10/2015,T6M,1,3464.37,Canada
1132,491,5/11/2015,V6B,1,10709.37,Canada
1133,907,5/11/2015,T2C,1,7559.37,Canada
1134,2225,5/11/2015,V6Z,1,755.37,Canada
1135,2331,5/11/2015,V5Z,1,8372.7,Canada
1136,959,5/11/2015,T6K,1,10362.87,Canada
1137,609,4/16/2015,V5Z,1,10079.37,Canada
1138,433,4/16/2015,V5T,1,11969.37,Canada
1139,604,4/16/2015,V6B,1,6299.37,Canada
1140,734,3/30/2015,V7X,1,5102.37,Canada
1141,2350,3/30/2015,T5H,1,4466.7,Canada
1142,945,3/30/2015,T6E,1,8189.37,Canada
1143,604,3/30/2015,T1Y,1,6299.37,Canada
1144,478,3/30/2015,V6T,1,17009.37,Canada
1145,1180,5/17/2015,T6V,1,6299.37,Canada
1146,2045,4/30/2015,V6T,1,6173.37,Canada
1147,496,4/30/2015,V6Z,1,11339.37,Canada
1148,636,4/30/2015,T6S,1,11118.87,Canada
1149,826,5/28/2015,T1Y,1,14426.37,Canada
1150,1129,5/28/2015,T2Y,1,5543.37,Canada
1151,1009,5/28/2015,V5Z,1,1353.87,Canada
1152,1392,5/28/2015,T2X,1,2266.74,Canada
1153,2354,5/28/2015,T2Y,1,4661.37,Canada
1154,1907,5/28/2015,T5H,1,11969.37,Canada
1155,506,5/28/2015,V6Z,1,15560.37,Canada
1156,2388,4/21/2015,T2C,1,4157.37,Canada
1157,674,4/22/2015,V5Z,1,8189.37,Canada
1158,2389,4/22/2015,V5N,1,10577.7,Canada
1159,1070,4/22/2015,V6Z,1,1889.37,Canada
1160,1053,4/30/2015,V7W,1,3527.37,Canada
1161,207,4/30/2015,T5J,1,11843.37,Canada
1162,549,4/30/2015,V6S,1,6614.37,Canada
1163,2055,3/30/2015,T3G,1,7874.37,Canada
1164,2086,3/30/2015,T5Y,1,2897.37,Canada
1165,491,3/30/2015,R2C,1,11339.37,Canada
1166,733,3/30/2015,V7X,1,5102.37,Canada
1167,1085,3/30/2015,V7W,1,1322.37,Canada
1168,1183,3/30/2015,V7X,1,7275.87,Canada
1169,202,4/22/2015,V6S,1,15749.37,Canada
1170,1069,4/22/2015,V6Z,1,1889.37,Canada
1171,438,4/22/2015,T5K,1,11969.37,Canada
1172,438,4/23/2015,V6M,1,11969.37,Canada
1173,487,4/23/2015,T6E,1,13229.37,Canada
1174,2396,5/27/2015,T3C,1,1070.37,Canada
1175,2332,5/27/2015,T5H,1,6356.7,Canada
1176,659,5/27/2015,V6S,1,17639.37,Canada
1177,1182,5/27/2015,T6H,1,2519.37,Canada
1178,491,4/19/2015,V6E,1,10709.37,Canada
1179,1129,4/19/2015,V5V,1,5543.37,Canada
1180,604,4/19/2015,V5X,1,6299.37,Canada
1181,945,4/19/2015,T5Y,1,8189.37,Canada
1182,1343,4/19/2015,V5V,2,8817.48,Canada
1183,1129,4/19/2015,V6H,1,5543.37,Canada
1184,1995,3/22/2015,V5Z,1,5354.37,Canada
1185,407,3/26/2015,T6T,1,20505.87,Canada
1186,491,3/26/2015,T6T,1,10709.37,Canada
1187,974,4/30/2015,T3B,1,8031.87,Canada
1188,1191,4/30/2015,V6L,1,3464.37,Canada
1189,2098,4/30/2015,V6G,1,3905.37,Canada
1190,200,5/1/2015,T5J,1,15434.37,Canada
1191,2361,6/8/2015,T3G,1,7427.7,Canada
1192,1912,6/8/2015,V5V,1,3968.37,Canada
1193,1191,6/9/2015,V5V,1,3464.37,Canada
1194,1077,6/9/2015,T6C,1,4094.37,Canada
1195,2055,6/9/2015,T2X,1,7874.37,Canada
1196,1078,6/9/2015,T6C,1,4094.37,Canada
1197,794,6/10/2015,R2G,1,1070.37,Canada
1198,506,6/10/2015,V6S,1,15560.37,Canada
1199,676,6/10/2015,T5B,1,9134.37,Canada
1200,793,6/10/2015,R2G,1,1070.37,Canada
1201,993,6/11/2015,T1Y,1,4409.37,Canada
1202,676,5/15/2015,V5V,1,9134.37,Canada
1203,478,4/12/2015,V7W,1,17009.37,Canada
1204,2332,4/12/2015,V7Y,1,6419.7,Canada
1205,1182,4/13/2015,V6H,1,2708.37,Canada
1206,407,4/13/2015,T6T,1,20505.87,Canada
1207,545,3/22/2015,V6J,1,10835.37,Canada
1208,1347,3/22/2015,T5Z,1,4156.74,Canada
1209,2269,3/22/2015,T6G,1,4403.7,Canada
1210,996,3/22/2015,T6E,1,8756.37,Canada
1211,1175,3/22/2015,T3G,1,8441.37,Canada
1212,506,3/23/2015,T6E,1,15560.37,Canada
1213,244,3/23/2015,R2G,1,7556.85,Canada
1214,959,3/26/2015,T3C,1,10362.87,Canada
1215,2262,3/26/2015,T6W,1,4220.37,Canada
1216,2225,3/27/2015,T6J,1,818.37,Canada
1217,945,5/15/2015,V5Z,1,8189.37,Canada
1218,1875,5/17/2015,T6S,1,12914.37,Canada
1219,2277,6/15/2015,T5K,1,3836.7,Canada
1220,438,6/15/2015,V6R,1,11969.37,Canada
1221,963,6/16/2015,V6G,1,5039.37,Canada
1222,993,6/16/2015,T6G,1,4598.37,Canada
1223,1129,6/16/2015,T6E,1,5826.87,Canada
1224,604,6/16/2015,R2C,1,6299.37,Canada
1225,496,6/17/2015,T5L,1,11339.37,Canada
1226,942,6/17/2015,T5W,1,7370.37,Canada
1227,438,6/3/2015,R2L,1,11969.37,Canada
1228,604,6/11/2015,T3G,1,6299.37,Canada
1229,520,6/11/2015,T2C,1,7367.85,Canada
1230,1182,6/28/2015,V7Y,1,2519.37,Canada
1231,1319,6/28/2015,V6H,1,4975.74,Canada
1232,406,6/28/2015,T6W,1,22994.37,Canada
1233,907,6/28/2015,T5K,1,7874.37,Canada
1234,1142,6/28/2015,T5X,1,8126.37,Canada
1235,2055,6/28/2015,V6H,1,7874.37,Canada
1236,826,2/25/2015,V6T,1,13229.37,Canada
1237,2055,2/25/2015,T5B,1,7874.37,Canada
1238,2199,6/26/2015,T6N,1,2456.37,Canada
1239,778,6/26/2015,T2P,1,1542.87,Canada
1240,609,4/24/2015,V5Z,1,10079.37,Canada
1241,676,4/24/2015,T6G,1,9134.37,Canada
1242,2275,4/24/2015,T2C,1,4661.37,Canada
1243,676,6/14/2015,T6G,1,9134.37,Canada
1244,487,6/14/2015,V5V,1,13229.37,Canada
1245,438,4/25/2015,T3G,1,11969.37,Canada
1246,433,4/25/2015,T2C,1,11969.37,Canada
1247,690,4/25/2015,T2C,1,4409.37,Canada
1248,1191,4/26/2015,T6S,1,3464.37,Canada
1249,1085,4/26/2015,V6C,1,1416.87,Canada
1250,1844,4/26/2015,V5M,1,2015.37,Canada
1251,939,6/15/2015,V7G,1,4598.37,Canada
1252,2354,6/15/2015,T5K,1,4661.37,Canada
1253,1145,6/15/2015,V6M,1,4031.37,Canada
1254,609,4/26/2015,V7Y,1,10079.37,Canada
1255,440,4/26/2015,T2C,1,19529.37,Canada
1256,1086,4/26/2015,V6C,1,1416.87,Canada
1257,676,5/24/2015,V6E,1,9134.37,Canada
1258,676,5/20/2015,T1Y,1,9134.37,Canada
1259,2395,5/20/2015,T5X,1,1889.37,Canada
1260,993,5/20/2015,V6S,1,4598.37,Canada
1261,577,5/20/2015,T2L,1,12284.37,Canada
1262,699,5/20/2015,T6J,1,2865.87,Canada
1263,1129,5/11/2015,V7W,1,5543.37,Canada
1264,457,3/4/2015,T6G,1,11969.37,Canada
1265,927,3/5/2015,V6G,1,6173.37,Canada
1266,487,3/5/2015,R2C,1,13229.37,Canada
1267,415,2/10/2015,T6G,1,11496.87,Canada
1268,1703,2/10/2015,V6T,1,1290.87,Canada
1269,1050,4/20/2015,T5Y,1,3338.37,Canada
1270,1524,4/12/2015,V6S,1,4408.74,Canada
1271,615,4/5/2015,T5H,1,8189.37,Canada
1272,1348,3/22/2015,T5Z,1,4156.74,Canada
1273,1391,3/22/2015,T3G,1,2329.74,Canada
1274,1392,3/22/2015,T3G,1,2329.74,Canada
1275,1212,6/17/2015,T1Y,1,4850.37,Canada
1276,491,6/18/2015,T6R,1,10709.37,Canada
1277,2369,6/18/2015,T2E,1,5096.7,Canada
1278,1722,6/18/2015,V6R,1,1007.37,Canada
1279,2269,6/12/2015,T2X,1,4466.7,Canada
1280,2396,6/12/2015,T5J,1,1442.7,Canada
1281,626,6/13/2015,T6R,1,17009.37,Canada
1282,2054,6/14/2015,T2Y,1,7685.37,Canada
1283,491,6/14/2015,V5V,1,10709.37,Canada
1284,549,6/14/2015,V5N,1,6614.37,Canada
1285,407,6/14/2015,V5Z,1,20505.87,Canada
1286,567,6/14/2015,V7Y,1,10520.37,Canada
1287,1062,6/30/2015,T5H,1,1889.37,Canada
1288,1085,6/30/2015,T5H,1,1101.87,Canada
1289,1879,6/30/2015,T2J,1,11339.37,Canada
1290,2277,6/30/2015,V6A,1,3653.37,Canada
1291,1722,6/30/2015,V6T,1,1038.87,Canada
1292,1086,6/30/2015,T5H,1,1101.87,Canada
1293,1707,6/30/2015,V6S,1,1511.37,Canada
1294,1129,5/28/2015,L5P,1,5448.87,Canada
1295,2336,4/22/2015,H1B,1,9569.7,Canada
1296,183,4/22/2015,L5R,1,8694,Canada
1297,1085,3/30/2015,M4P,1,1416.87,Canada
1298,993,4/22/2015,M7Y,1,4598.37,Canada
1299,604,4/23/2015,M5R,1,6299.37,Canada
1300,939,5/27/2015,M4V,1,4598.37,Canada
1301,1145,5/27/2015,M6H,1,4031.37,Canada
1302,295,5/27/2015,M6H,1,12596.85,Canada
1303,1191,5/27/2015,M6H,1,3464.37,Canada
1304,548,3/31/2015,K1N,1,6236.37,Canada
1305,1078,3/31/2015,L5T,1,4220.37,Canada
1306,2396,3/25/2015,L5T,1,1385.37,Canada
1307,578,3/25/2015,R2Y,1,9449.37,Canada
1308,939,3/25/2015,M6G,1,4598.37,Canada
1309,615,1/28/2015,R3V,1,8189.37,Canada
1310,580,1/28/2015,R3V,1,10013.85,Canada
1311,1050,1/28/2015,M6G,1,3338.37,Canada
1312,1145,1/28/2015,L5N,1,4031.37,Canada
1313,1916,1/28/2015,H1B,1,3590.37,Canada
1314,1182,1/29/2015,K1R,1,2582.37,Canada
1315,1142,1/29/2015,L5G,1,8441.37,Canada
1316,690,1/29/2015,R3K,1,4409.37,Canada
1317,412,1/29/2015,M6G,1,19529.37,Canada
1318,1115,4/19/2015,R3L,1,4409.37,Canada
1319,615,4/19/2015,M6H,1,8189.37,Canada
1320,1005,4/19/2015,L5T,1,1511.37,Canada
1321,1182,4/19/2015,M4E,1,2834.37,Canada
1322,438,4/19/2015,M6G,1,11969.37,Canada
1323,1217,4/19/2015,L5R,1,6992.37,Canada
1324,506,4/19/2015,K1M,1,15560.37,Canada
1325,2332,3/22/2015,R3H,1,6419.7,Canada
1326,939,4/30/2015,M5X,1,4598.37,Canada
1327,2332,4/30/2015,R3V,1,6419.7,Canada
1328,2064,6/8/2015,M6H,1,6929.37,Canada
1329,2015,6/8/2015,M6H,1,4094.37,Canada
1330,457,6/8/2015,L5T,1,11969.37,Canada
1331,491,6/9/2015,M4N,1,10709.37,Canada
1332,1182,6/9/2015,R3V,1,2708.37,Canada
1333,2350,6/9/2015,R3G,1,4466.7,Canada
1334,2133,6/9/2015,L5G,1,5480.37,Canada
1335,2354,6/9/2015,H1B,1,4661.37,Canada
1336,2269,6/10/2015,R3B,1,4188.87,Canada
1337,977,6/10/2015,R2W,1,6299.37,Canada
1338,674,6/10/2015,M6G,1,8189.37,Canada
1339,548,5/15/2015,M4E,1,6236.37,Canada
1340,1129,3/22/2015,H1G,1,5543.37,Canada
1341,1180,3/22/2015,L5N,2,12472.74,Canada
1342,438,3/23/2015,L4Y,1,11969.37,Canada
1343,1959,3/23/2015,M4X,1,944.37,Canada
1344,995,3/26/2015,R3R,1,7181.37,Canada
1345,907,3/27/2015,L5R,1,7307.37,Canada
1346,977,3/27/2015,M5X,1,6047.37,Canada
1347,2332,3/27/2015,L5N,1,5858.37,Canada
1348,659,5/16/2015,H1G,1,17639.37,Canada
1349,2084,4/28/2015,M5P,1,8252.37,Canada
1350,487,4/28/2015,M6H,1,13229.37,Canada
1351,993,4/28/2015,R3V,2,9007.74,Canada
1352,1180,4/29/2015,L5P,1,6173.37,Canada
1353,1175,6/15/2015,M6G,1,7811.37,Canada
1354,2331,6/15/2015,L5T,1,7868.7,Canada
1355,2055,6/16/2015,M7Y,1,7874.37,Canada
1356,926,6/16/2015,R3V,1,6803.37,Canada
1357,945,6/16/2015,R3T,1,8189.37,Canada
1358,26,6/28/2015,L5G,1,9292.5,Canada
1359,1077,6/28/2015,M4E,1,4220.37,Canada
1360,1809,4/25/2015,L5R,1,2771.37,Canada
1361,520,4/25/2015,R3E,1,7367.85,Canada
1362,1077,4/26/2015,M4N,1,4220.37,Canada
1363,590,4/26/2015,R3C,1,10709.37,Canada
1364,1115,4/26/2015,M6H,1,4409.37,Canada
1365,1114,4/26/2015,M4N,1,2204.37,Canada
1366,1114,4/26/2015,M7Y,1,2424.87,Canada
1367,1078,4/26/2015,M4N,1,4220.37,Canada
1368,2087,6/15/2015,M4E,1,8693.37,Canada
1369,615,4/27/2015,K1N,1,8189.37,Canada
1370,1343,5/24/2015,M7Y,1,4408.74,Canada
1371,1826,5/24/2015,L5R,1,2645.37,Canada
1372,1809,5/24/2015,L5R,2,5542.74,Canada
1373,1714,5/20/2015,K1H,1,1259.37,Canada
1374,1667,5/11/2015,R3H,1,4409.37,Canada
1375,1053,3/4/2015,M5L,1,3527.37,Canada
1376,1140,3/4/2015,L5P,1,9575.37,Canada
1377,440,3/5/2015,M4Y,1,19529.37,Canada
1378,2239,3/5/2015,K1N,1,1637.37,Canada
1379,2238,3/5/2015,K1N,1,1637.37,Canada
1380,2197,3/5/2015,K1R,1,2865.87,Canada
1381,615,2/10/2015,M4P,1,8189.37,Canada
1382,1182,2/10/2015,R3V,1,2708.37,Canada
1383,993,4/17/2015,R3H,1,4409.37,Canada
1384,1145,4/12/2015,K1R,1,4031.37,Canada
1385,826,4/12/2015,K1R,1,13922.37,Canada
1386,438,4/12/2015,M5L,1,11969.37,Canada
1387,578,4/12/2015,M7Y,1,9449.37,Canada
1388,927,4/12/2015,L5G,1,6173.37,Canada
1389,1347,4/12/2015,K2P,1,4156.74,Canada
1390,2054,3/22/2015,H1B,1,7244.37,Canada
1391,2334,3/22/2015,L5N,1,4592.7,Canada
1392,689,3/22/2015,R3G,1,2516.85,Canada
1393,778,6/17/2015,R3G,1,1542.87,Canada
1394,1145,6/18/2015,M6G,1,4031.37,Canada
1395,506,6/18/2015,R3H,1,15560.37,Canada
1396,2269,6/18/2015,R3V,1,4466.7,Canada
1397,491,6/19/2015,M5P,1,10709.37,Canada
1398,415,6/19/2015,L5P,1,10709.37,Canada
1399,2295,6/19/2015,L5N,1,10898.37,Canada
1400,927,6/12/2015,L5N,1,6173.37,Canada
1401,826,6/12/2015,R3H,1,14426.37,Canada
1402,939,6/12/2015,L5N,1,4598.37,Canada
1403,609,6/13/2015,H1B,1,10079.37,Canada
1404,1183,6/14/2015,L5N,1,7275.87,Canada
1405,676,6/14/2015,M6S,1,9134.37,Canada
1406,2365,6/29/2015,R3G,1,6356.7,Canada
1407,782,6/30/2015,L4X,1,1303.47,Canada
1408,1009,6/30/2015,L5T,1,1353.87,Canada
1409,2091,6/30/2015,L5N,1,2204.37,Canada
1410,2186,6/30/2015,K1R,1,5480.37,Canada
1411,993,6/30/2015,K1R,1,4598.37,Canada
1412,1171,6/30/2015,R3E,1,4283.37,Canada
